-- phpMyAdmin SQL Dump
-- version 5.0.2
-- https://www.phpmyadmin.net/
--
-- Хост: localhost
-- Время создания: Апр 06 2020 г., 06:23
-- Версия сервера: 8.0.19
-- Версия PHP: 7.4.4

SET SQL_MODE = "NO_AUTO_VALUE_ON_ZERO";
START TRANSACTION;
SET time_zone = "+00:00";


/*!40101 SET @OLD_CHARACTER_SET_CLIENT=@@CHARACTER_SET_CLIENT */;
/*!40101 SET @OLD_CHARACTER_SET_RESULTS=@@CHARACTER_SET_RESULTS */;
/*!40101 SET @OLD_COLLATION_CONNECTION=@@COLLATION_CONNECTION */;
/*!40101 SET NAMES utf8mb4 */;

--
-- База данных: `varim609_db`
--

-- --------------------------------------------------------

--
-- Структура таблицы `children`
--

CREATE TABLE `children` (
  `id` int NOT NULL,
  `surname` varchar(256) CHARACTER SET utf8 COLLATE utf8_general_ci NOT NULL,
  `name` varchar(256) CHARACTER SET utf8 COLLATE utf8_general_ci NOT NULL,
  `patronymic` varchar(256) CHARACTER SET utf8 COLLATE utf8_general_ci NOT NULL,
  `date_of_birth` date NOT NULL
) ENGINE=InnoDB DEFAULT CHARSET=utf8;

--
-- Дамп данных таблицы `children`
--

INSERT INTO `children` (`id`, `surname`, `name`, `patronymic`, `date_of_birth`) VALUES
(1, 'Прокофьев', 'Иван', 'Дмитриевич', '1999-11-18'),
(2, 'Прокофьева', 'Анна', 'Дмитриевна', '2010-03-04'),
(3, 'Ерофеева', 'Ирина', 'Алексеевна', '2016-12-31'),
(4, 'Крылова', 'Тахния', 'Геннадиевна', '2000-12-12'),
(5, 'Крылова', 'Абигейл', 'Яковлевна', '2005-12-02'),
(6, 'Гусева', 'Исаймат', 'Теннантовна', '2013-04-05'),
(7, 'Усачёв', 'Залихман', 'Букович', '2015-09-18'),
(8, 'Ковалевский', 'Иван', 'Акелжанович', '1973-12-12'),
(9, 'Антонова', 'Фаниля', 'Альфонсановна', '2018-02-14');

-- --------------------------------------------------------

--
-- Структура таблицы `educations`
--

CREATE TABLE `educations` (
  `id` int NOT NULL,
  `student_id` int NOT NULL,
  `name` text CHARACTER SET utf8 COLLATE utf8_general_ci NOT NULL,
  `address` text CHARACTER SET utf8 COLLATE utf8_general_ci NOT NULL,
  `faculty` varchar(256) CHARACTER SET utf8 COLLATE utf8_general_ci NOT NULL,
  `form_of_training` set('очная','очно-заочная','заочная') NOT NULL,
  `specialty` varchar(256) NOT NULL,
  `date_of_receipt` date NOT NULL,
  `expiry_date` date DEFAULT NULL,
  `semesters` int UNSIGNED DEFAULT NULL,
  `number_of_diploma` varchar(14) DEFAULT NULL,
  `languages` text CHARACTER SET utf8 COLLATE utf8_general_ci,
  `degree` set('кандидат наук','доктор наук') DEFAULT NULL,
  `title` set('доцент','профессор','член-корреспондент Академии наук','действительный член Академии наук') DEFAULT NULL
) ENGINE=InnoDB DEFAULT CHARSET=utf8;

--
-- Дамп данных таблицы `educations`
--

INSERT INTO `educations` (`id`, `student_id`, `name`, `address`, `faculty`, `form_of_training`, `specialty`, `date_of_receipt`, `expiry_date`, `semesters`, `number_of_diploma`, `languages`, `degree`, `title`) VALUES
(1, 1, 'Московский государственный университетимени М. В. Ломоносова', 'Москва, Ленинские горы, д. 1', 'Факультет вычислительной математики и кибернетики ', 'очная', 'Прикладная математика и информатика', '2012-08-03', '2016-08-31', NULL, '213414 6421345', 'русский, английский', '', 'доцент'),
(2, 2, 'Ярославский государственный университет\r\nим. П. Г. Демидова', 'г. Ярославль, Советская улица, д. 14', 'Факультет информатики и вычислительной техники', 'очная', 'Прикладная информатика', '1996-08-02', '2000-08-31', NULL, '612422 7213423', 'русский, английский, французский', 'кандидат наук', 'доцент'),
(3, 3, 'Московский государственный университетимени М. В. Ломоносова', 'Москва, Ленинские горы, д. 1', 'Экономический факультет', 'заочная', 'Экономика', '1991-08-03', '1997-08-31', NULL, '216534 6421515', 'русский, английский, французский', 'доктор наук', 'профессор'),
(4, 4, 'Московский государственный университетимени М. В. Ломоносова', 'Москва, Ленинские горы, д. 1', 'Экономический факультет', 'очная', 'Экономика', '2005-08-03', NULL, 4, NULL, 'русский, немецкий', NULL, NULL),
(5, 5, 'Московский государственный университетимени М. В. Ломоносова', 'Москва, Ленинские горы, д. 1', 'Факультет искусств', 'очная', 'Дизайн', '2014-08-01', NULL, 5, NULL, 'русский', NULL, NULL),
(6, 6, 'Ярославский государственный университет\r\nим. П. Г. Демидова', 'г. Ярославль, Советская улица, д. 14', 'Экономический факультет', 'очная', 'Менеджмент', '1986-08-02', '1992-08-31', NULL, '72214 721421', 'русский, испанский', 'кандидат наук', 'доцент'),
(7, 7, 'Ярославский государственный университет\r\nим. П. Г. Демидова', 'г. Ярославль, Советская улица, д. 14', 'Экономический факультет', 'очная', 'Менеджмент', '1970-08-02', '1976-08-31', NULL, '72214 721142', 'русский', NULL, NULL),
(8, 8, 'Московский государственный университетимени М. В. Ломоносова', 'Москва, Ленинские горы, д. 1', 'Факультет вычислительной математики и кибернетики ', 'очно-заочная', 'Прикладная математика и информатика', '2011-08-03', NULL, 5, NULL, 'русский, английский', '', NULL),
(9, 9, 'Московский государственный университетимени М. В. Ломоносова', 'Москва, Ленинские горы, д. 1', 'Экономический факультет', 'заочная', 'Экономика', '2001-08-03', NULL, 6, NULL, 'русский, итальянский', NULL, NULL),
(10, 10, 'Московский государственный университетимени М. В. Ломоносова', 'Москва, Ленинские горы, д. 1', 'Экономический факультет', 'заочная', 'Менеджмент', '2001-08-03', '2007-08-20', NULL, '725111 2524112', 'русский, итальянский', 'доктор наук', 'член-корреспондент Академии наук');

-- --------------------------------------------------------

--
-- Структура таблицы `finance`
--

CREATE TABLE `finance` (
  `id` int NOT NULL,
  `staff_id` int NOT NULL,
  `month` varchar(10) CHARACTER SET utf32 COLLATE utf32_general_ci NOT NULL,
  `salary` float UNSIGNED NOT NULL,
  `percent` float UNSIGNED DEFAULT '0',
  `prize` float UNSIGNED DEFAULT '0',
  `tax` float UNSIGNED NOT NULL DEFAULT '13'
) ENGINE=InnoDB DEFAULT CHARSET=utf8;

--
-- Дамп данных таблицы `finance`
--

INSERT INTO `finance` (`id`, `staff_id`, `month`, `salary`, `percent`, `prize`, `tax`) VALUES
(1, 1, 'январь', 32000, 20, 3000, 13),
(2, 1, 'февраль', 30000, 0, 0, 13),
(3, 1, 'март', 31000, 5, 0, 13),
(4, 1, 'апрель', 32000, 0, 0, 13),
(5, 1, 'май', 31000, 0, 5000, 13),
(6, 1, 'июнь', 28000, 16, 0, 13),
(7, 1, 'июль', 29500, 50, 0, 13),
(8, 1, 'август', 30000, 23, 5000, 13),
(9, 1, 'сентябрь', 30000, 0, 20000, 13),
(10, 1, 'октябрь', 30000, 0, 0, 13),
(11, 1, 'ноябрь', 30000, 20, 10000, 13),
(12, 1, 'декабрь', 30000, 10, 0, 13),
(13, 2, 'январь', 50000, 30, 1000, 13),
(14, 2, 'февраль', 50000, 0, 30000, 13),
(15, 2, 'март', 50000, 30, 20000, 13),
(16, 2, 'апрель', 52000, 10, 0, 13),
(17, 2, 'май', 52000, 0, 35000, 13),
(18, 2, 'июнь', 50000, 15, 0, 13),
(19, 2, 'июль', 50000, 0, 0, 13),
(20, 2, 'август', 50000, 0, 23000, 13),
(21, 2, 'сентябрь', 50000, 0, 0, 13),
(22, 2, 'октябрь', 50000, 0, 0, 13),
(23, 2, 'ноябрь', 51000, 20, 10000, 13),
(24, 2, 'декабрь', 50000, 10, 30000, 13),
(25, 3, 'январь', 12000, 20, 3000, 13),
(26, 2, 'февраль', 10000, 0, 0, 13),
(27, 3, 'март', 12000, 0, 0, 13),
(28, 3, 'апрель', 12000, 0, 0, 13),
(29, 3, 'май', 11000, 0, 5000, 13),
(30, 3, 'июнь', 18000, 16, 0, 13),
(31, 3, 'июль', 19500, 50, 0, 13),
(32, 3, 'август', 10000, 23, 5000, 13),
(33, 3, 'сентябрь', 10000, 0, 20000, 13),
(34, 3, 'октябрь', 10000, 0, 0, 13),
(35, 3, 'ноябрь', 10000, 20, 10000, 13),
(36, 3, 'декабрь', 10000, 10, 0, 13),
(58, 6, 'январь', 50000, 30, 1000, 13),
(59, 6, 'февраль', 50000, 0, 30000, 13),
(60, 6, 'март', 50000, 30, 20000, 13),
(61, 6, 'апрель', 52000, 10, 0, 13),
(62, 6, 'май', 52000, 0, 35000, 13),
(63, 6, 'июнь', 50000, 15, 0, 13),
(64, 6, 'июль', 50000, 0, 0, 13),
(65, 6, 'август', 50000, 0, 23000, 13),
(66, 6, 'сентябрь', 50000, 0, 0, 13),
(67, 6, 'октябрь', 50000, 0, 0, 13),
(68, 6, 'ноябрь', 51000, 20, 10000, 13),
(69, 6, 'декабрь', 50000, 10, 30000, 13),
(80, 8, 'январь', 30000, 30, 1000, 13),
(81, 8, 'февраль', 30000, 0, 30000, 13),
(82, 8, 'март', 30000, 30, 20000, 13),
(83, 8, 'апрель', 32000, 10, 0, 13),
(84, 8, 'май', 32000, 0, 35000, 13),
(85, 8, 'июнь', 30000, 15, 0, 13),
(86, 8, 'июль', 30000, 0, 0, 13),
(87, 8, 'август', 30000, 0, 23000, 13),
(88, 8, 'сентябрь', 30000, 0, 0, 13),
(89, 8, 'октябрь', 30000, 0, 0, 13),
(90, 8, 'ноябрь', 31000, 20, 10000, 13),
(91, 8, 'декабрь', 30000, 10, 30000, 13),
(92, 4, 'январь', 42000, 20, 3000, 13),
(93, 4, 'февраль', 40000, 0, 0, 13),
(94, 4, 'март', 41000, 5, 0, 13),
(95, 4, 'апрель', 42000, 0, 0, 13),
(96, 4, 'май', 41000, 0, 5000, 13),
(97, 4, 'июнь', 48000, 16, 0, 13),
(98, 4, 'июль', 49500, 50, 0, 13),
(99, 4, 'август', 40000, 23, 5000, 13),
(100, 4, 'сентябрь', 40000, 0, 20000, 13),
(101, 4, 'октябрь', 40000, 0, 0, 13),
(102, 4, 'ноябрь', 40000, 20, 10000, 13),
(103, 4, 'декабрь', 40000, 10, 0, 13),
(104, 5, 'январь', 50000, 30, 1000, 13),
(105, 5, 'февраль', 50000, 0, 30000, 13),
(106, 5, 'март', 50000, 30, 20000, 13),
(107, 5, 'апрель', 52000, 10, 0, 13),
(108, 5, 'май', 52000, 0, 35000, 13),
(109, 5, 'июнь', 50000, 15, 0, 13),
(110, 5, 'июль', 50000, 0, 0, 13),
(111, 5, 'август', 50000, 0, 23000, 13),
(112, 5, 'сентябрь', 50000, 0, 0, 13),
(113, 5, 'октябрь', 50000, 0, 0, 13),
(114, 5, 'ноябрь', 51000, 20, 10000, 13),
(115, 5, 'декабрь', 50000, 10, 30000, 13),
(116, 7, 'январь', 72000, 20, 3000, 13),
(117, 7, 'февраль', 70000, 0, 0, 13),
(118, 7, 'март', 71000, 5, 0, 13),
(119, 7, 'апрель', 72000, 0, 0, 13),
(120, 7, 'май', 71000, 0, 5000, 13),
(121, 7, 'июнь', 78000, 16, 0, 13),
(122, 7, 'июль', 79500, 50, 0, 13),
(123, 7, 'август', 70000, 23, 5000, 13),
(124, 7, 'сентябрь', 70000, 0, 20000, 13),
(125, 7, 'октябрь', 70000, 0, 0, 13),
(126, 7, 'ноябрь', 70000, 20, 10000, 13),
(127, 7, 'декабрь', 70000, 10, 0, 13),
(128, 9, 'январь', 52000, 20, 3000, 13),
(129, 9, 'февраль', 50000, 0, 0, 13),
(130, 9, 'март', 51000, 5, 0, 13),
(131, 9, 'апрель', 52000, 0, 0, 13),
(132, 9, 'май', 51000, 0, 5000, 13),
(133, 9, 'июнь', 58000, 16, 0, 13),
(134, 9, 'июль', 59500, 50, 0, 13),
(135, 9, 'август', 50000, 23, 5000, 13),
(136, 9, 'сентябрь', 50000, 0, 20000, 13),
(137, 9, 'октябрь', 50000, 0, 0, 13),
(138, 9, 'ноябрь', 50000, 20, 10000, 13),
(139, 9, 'декабрь', 50000, 10, 0, 13),
(140, 10, 'январь', 30000, 30, 1000, 13),
(141, 10, 'февраль', 30000, 0, 30000, 13),
(142, 10, 'март', 30000, 30, 20000, 13),
(143, 10, 'апрель', 32000, 10, 0, 13),
(144, 10, 'май', 32000, 0, 35000, 13),
(145, 10, 'июнь', 30000, 15, 0, 13),
(146, 10, 'июль', 30000, 0, 0, 13),
(147, 10, 'август', 30000, 0, 23000, 13),
(148, 10, 'сентябрь', 30000, 0, 0, 13),
(149, 10, 'октябрь', 30000, 0, 0, 13),
(150, 10, 'ноябрь', 31000, 20, 10000, 13),
(151, 10, 'декабрь', 30000, 10, 30000, 13);

-- --------------------------------------------------------

--
-- Структура таблицы `staffs`
--

CREATE TABLE `staffs` (
  `id` int NOT NULL,
  `surname` varchar(256) CHARACTER SET utf8 COLLATE utf8_general_ci NOT NULL,
  `name` varchar(256) CHARACTER SET utf8 COLLATE utf8_general_ci NOT NULL,
  `patronymic` varchar(256) CHARACTER SET utf8 COLLATE utf8_general_ci NOT NULL,
  `date_of_birth` date NOT NULL,
  `place_of_birth` text CHARACTER SET utf8 COLLATE utf8_general_ci NOT NULL,
  `sex` set('мужской','женский') NOT NULL,
  `nationality` varchar(256) CHARACTER SET utf8 COLLATE utf8_general_ci NOT NULL,
  `home_address` text CHARACTER SET utf8 COLLATE utf8_general_ci NOT NULL,
  `marital_status` set('не замужем','не женат','разведен','разведена','замужем','женат','состоит в гражданском браке') NOT NULL,
  `stay_abroad` set('был','не был') NOT NULL,
  `attitude_to_military_duty` set('военнообязанный','невоеннообязанный') NOT NULL,
  `awards` text CHARACTER SET utf8 COLLATE utf8_general_ci,
  `department` varchar(256) CHARACTER SET utf8 COLLATE utf8_general_ci NOT NULL,
  `post` varchar(256) CHARACTER SET utf8 COLLATE utf8_general_ci NOT NULL,
  `date_of_entry` date NOT NULL,
  `experience` int UNSIGNED NOT NULL,
  `photo` text CHARACTER SET utf32 COLLATE utf32_general_ci,
  `passport_series` int UNSIGNED NOT NULL,
  `passport_id` int UNSIGNED NOT NULL,
  `issued_by` text CHARACTER SET utf8 COLLATE utf8_general_ci NOT NULL,
  `when_issued` date NOT NULL
) ENGINE=InnoDB DEFAULT CHARSET=utf8;

--
-- Дамп данных таблицы `staffs`
--

INSERT INTO `staffs` (`id`, `surname`, `name`, `patronymic`, `date_of_birth`, `place_of_birth`, `sex`, `nationality`, `home_address`, `marital_status`, `stay_abroad`, `attitude_to_military_duty`, `awards`, `department`, `post`, `date_of_entry`, `experience`, `photo`, `passport_series`, `passport_id`, `issued_by`, `when_issued`) VALUES
(1, 'Ерофеев', 'Алексей', 'Геннадиевич', '1994-05-20', 'г. Москва', 'мужской', 'русский', 'г. Москва, ул. Дмитрия Шамшурина, дом 5, квартира 472', 'женат', 'не был', 'военнообязанный', 'нет', 'разработка', 'junior-разработчик', '2018-04-14', 2, 'img/1.png', 9714, 624145, 'МВД по г. Москве', '2014-05-25'),
(2, 'Прокофьева', 'Роза', 'Егоровна', '1977-10-27', 'Ярославская область, г. Гаврилов-Ям', 'женский', 'русская', 'г. Гаврилов-Ям, ул. Новодевичьего Монастыря пл, дом 58, квартира 67', 'замужем', 'был', 'невоеннообязанный', 'Обладатель премии Awwwards', 'разработка', 'senior-разработчик', '2016-06-15', 23, 'img/2.png', 9397, 265127, 'МВД по Ярославской Области', '1997-11-04'),
(3, 'Крылова', 'Руса', 'Семеновна', '1973-08-19', 'Рязанская область, г. Караблино', 'женский', 'русская', 'г. Караблино, ул. Волынская, дом 79, квартира 453', 'разведена', 'не был', 'невоеннообязанный', 'Почетный гражданин г.Караблино', 'бухгалтерия', 'главный бухгалтер', '2013-05-12', 21, 'img/3.png', 9712, 124314, 'МВТ по Рязанской области', '2018-08-23'),
(4, 'Гусев', 'Теннант', 'Станиславович', '1987-08-02', 'г. Хохольский', 'мужской', 'украинец', 'г. Хохольский, ул. Чесменская, дом 43, квартира 166', 'состоит в гражданском браке', 'был', 'военнообязанный', 'нет', 'администрация', 'директор', '2011-12-30', 22, 'img/4.png', 2513, 612541, 'МВД по г.Хохольскому', '1987-08-26'),
(5, 'Вишневская', 'Феофила', 'Максимовна', '1996-05-12', 'Чувашская Республика, г. Алатырь', 'женский', 'чуваш', 'г. Алатырь, ул. Институтская 1-я, дом 26, квартира 249', 'не замужем', 'не был', 'невоеннообязанный', 'нет', 'дизайн', 'веб-дизайнер', '2018-06-06', 2, 'img/5.png', 5214, 342614, 'МВД по Чувашской Республике', '2018-06-30'),
(6, 'Усачёв', 'Бук', 'Константинович', '1968-11-05', 'г. Дербент', 'мужской', 'казах', 'г. Дербент, ул. Газонная, дом 22, квартира 497', 'разведен', 'не был', 'военнообязанный', 'нет', 'администрация', 'заместитель директора', '2012-07-07', 14, 'img/6.png', 2411, 513514, 'МВД по г.Дербент', '2013-11-07'),
(7, 'Ковалевский', 'Акелжан', 'Сергеевич', '1952-11-10', 'г. Хохольский', 'мужской', 'украинец', 'г. Хохольский, ул. Винокурова, дом 94, квартира 498', 'женат', 'был', 'невоеннообязанный', 'нет', 'маркетинг', 'менеджер по маркетингу', '2016-11-27', 3, 'img/7.png', 2414, 511441, 'МВД по г.Хохольскому', '1997-12-01'),
(8, 'Ерофеева', 'Самира', 'Евгеньевна', '1993-02-12', 'г. Шентала', 'женский', 'русская', 'г. Шентала, ул. Трикотажный 8-й пер, дом 52, квартира 242', 'замужем', 'не был', 'невоеннообязанный', 'Почетный гражданин г. Шентала', 'разработка', 'junior-разработчик', '2018-02-18', 2, 'img/8.png', 1414, 452143, 'МВД по г.Шентала', '2013-02-12'),
(9, 'Антонов', 'Альфонсан', 'Геннадиевич', '1983-05-27', 'г. Ильичевка', 'мужской', 'китаец', 'г. Ильичевка, ул. Берингов Н. проезд, дом 87, квартира 120', 'разведен', 'был', 'невоеннообязанный', 'нет', 'отдел кадров', 'специалист отдела кадров', '2014-03-04', 15, 'img/9.png', 5125, 561671, 'МВД по г. Ильичевка', '2002-06-02'),
(10, 'Недашковский', 'Саджид', 'Русланович', '1983-02-08', 'г. Тросна', 'мужской', 'киргиз', 'г. Тросна, ул. Полянка М., дом 28, квартира 323', 'не женат', 'был', 'военнообязанный', 'нет', 'бухгалтерия', 'старший бухгалтер', '2015-11-21', 10, 'img/10.png', 5128, 942350, 'МВД по г. Тросна', '2003-02-08');

-- --------------------------------------------------------

--
-- Структура таблицы `staffs_childrens`
--

CREATE TABLE `staffs_childrens` (
  `parent_id` int NOT NULL,
  `child_id` int NOT NULL
) ENGINE=InnoDB DEFAULT CHARSET=utf8;

--
-- Дамп данных таблицы `staffs_childrens`
--

INSERT INTO `staffs_childrens` (`parent_id`, `child_id`) VALUES
(1, 3),
(2, 1),
(2, 2),
(3, 4),
(3, 5),
(4, 6),
(6, 7),
(7, 8),
(9, 9),
(8, 3);

-- --------------------------------------------------------

--
-- Структура таблицы `users`
--

CREATE TABLE `users` (
  `id` int NOT NULL,
  `login` varchar(100) CHARACTER SET utf8 COLLATE utf8_general_ci NOT NULL,
  `password` varchar(100) CHARACTER SET utf8 COLLATE utf8_general_ci NOT NULL
) ENGINE=InnoDB DEFAULT CHARSET=utf32;

--
-- Дамп данных таблицы `users`
--

INSERT INTO `users` (`id`, `login`, `password`) VALUES
(1, 'varimo', '97e4ef6c6fdbc1964612fdf0433de530'),
(3, 'admin', 'e9d27b6cde9dc385a0fe478ce9330536'),
(6, 'director', '3cadd7ef0e4ff0215bb85fda3691a35a'),
(7, 'PersonnelDepartment', '399bdb2cf128a921c16d2ce2f7629dfd'),
(8, 'accounting', '5ee5082655f8d294a0b703cbaa015894'),
(9, 'TradeUnion', '4c2408e48ac4280675e877475f3d5be2');

--
-- Индексы сохранённых таблиц
--

--
-- Индексы таблицы `children`
--
ALTER TABLE `children`
  ADD PRIMARY KEY (`id`);

--
-- Индексы таблицы `educations`
--
ALTER TABLE `educations`
  ADD PRIMARY KEY (`id`),
  ADD KEY `student_id` (`student_id`);

--
-- Индексы таблицы `finance`
--
ALTER TABLE `finance`
  ADD PRIMARY KEY (`id`),
  ADD KEY `staff_id` (`staff_id`);

--
-- Индексы таблицы `staffs`
--
ALTER TABLE `staffs`
  ADD PRIMARY KEY (`id`);

--
-- Индексы таблицы `staffs_childrens`
--
ALTER TABLE `staffs_childrens`
  ADD KEY `parent_id` (`parent_id`),
  ADD KEY `child_id` (`child_id`);

--
-- Индексы таблицы `users`
--
ALTER TABLE `users`
  ADD PRIMARY KEY (`id`);

--
-- AUTO_INCREMENT для сохранённых таблиц
--

--
-- AUTO_INCREMENT для таблицы `children`
--
ALTER TABLE `children`
  MODIFY `id` int NOT NULL AUTO_INCREMENT, AUTO_INCREMENT=10;

--
-- AUTO_INCREMENT для таблицы `educations`
--
ALTER TABLE `educations`
  MODIFY `id` int NOT NULL AUTO_INCREMENT, AUTO_INCREMENT=11;

--
-- AUTO_INCREMENT для таблицы `finance`
--
ALTER TABLE `finance`
  MODIFY `id` int NOT NULL AUTO_INCREMENT, AUTO_INCREMENT=152;

--
-- AUTO_INCREMENT для таблицы `staffs`
--
ALTER TABLE `staffs`
  MODIFY `id` int NOT NULL AUTO_INCREMENT, AUTO_INCREMENT=11;

--
-- AUTO_INCREMENT для таблицы `users`
--
ALTER TABLE `users`
  MODIFY `id` int NOT NULL AUTO_INCREMENT, AUTO_INCREMENT=10;

--
-- Ограничения внешнего ключа сохраненных таблиц
--

--
-- Ограничения внешнего ключа таблицы `educations`
--
ALTER TABLE `educations`
  ADD CONSTRAINT `educations_ibfk_1` FOREIGN KEY (`student_id`) REFERENCES `staffs` (`id`);

--
-- Ограничения внешнего ключа таблицы `finance`
--
ALTER TABLE `finance`
  ADD CONSTRAINT `finance_ibfk_1` FOREIGN KEY (`staff_id`) REFERENCES `staffs` (`id`);

--
-- Ограничения внешнего ключа таблицы `staffs_childrens`
--
ALTER TABLE `staffs_childrens`
  ADD CONSTRAINT `staffs_childrens_ibfk_1` FOREIGN KEY (`parent_id`) REFERENCES `staffs` (`id`),
  ADD CONSTRAINT `staffs_childrens_ibfk_2` FOREIGN KEY (`child_id`) REFERENCES `children` (`id`);
COMMIT;

/*!40101 SET CHARACTER_SET_CLIENT=@OLD_CHARACTER_SET_CLIENT */;
/*!40101 SET CHARACTER_SET_RESULTS=@OLD_CHARACTER_SET_RESULTS */;
/*!40101 SET COLLATION_CONNECTION=@OLD_COLLATION_CONNECTION */;
